,NEUTRAL,OTHER,POSITIVE,NEGATIVE,All Classes
Accuracy,-,-,-,-,0.1
F1 Score,0.0,0.0,0.0,0.2857142857142857,0.08571428571428572
Precision,0.0,0.0,0.0,0.25,0.075
Recall,0.0,0.0,0.0,0.3333333333333333,0.1
