,NEUTRAL,OTHER,POSITIVE,NEGATIVE,All Classes
Accuracy,-,-,-,-,0.6
F1 Score,1.0,0.3333333333333333,0.3333333333333333,1.0,0.6
Precision,1.0,0.2,1.0,1.0,0.9199999999999999
Recall,1.0,1.0,0.2,1.0,0.6
