,NEUTRAL,OTHER,POSITIVE,NEGATIVE,All Classes
Accuracy,-,-,-,-,0.4
F1 Score,0.6666666666666666,0.0,0.5,0.0,0.31666666666666665
Precision,0.5,0.0,0.42857142857142855,0.0,0.2642857142857143
Recall,1.0,0.0,0.6,0.0,0.4
