,NEUTRAL,OTHER,POSITIVE,NEGATIVE,All Classes
Accuracy,-,-,-,-,0.4
F1 Score,0.0,0.0,0.5714285714285714,0.4444444444444444,0.419047619047619
Precision,0.0,0.0,1.0,0.3333333333333333,0.6
Recall,0.0,0.0,0.4,0.6666666666666666,0.4
