,NEUTRAL,OTHER,POSITIVE,NEGATIVE,All Classes
Accuracy,-,-,-,-,0.7
F1 Score,0.0,0.6666666666666666,0.9090909090909091,0.4,0.6412121212121212
Precision,0.0,0.5,0.8333333333333334,0.5,0.6166666666666667
Recall,0.0,1.0,1.0,0.3333333333333333,0.7
