,NEUTRAL,POSITIVE,NEGATIVE,OTHER,All Classes
Accuracy,-,-,-,-,0.8
F1 Score,0.5,0.8888888888888888,1.0,0.0,0.7944444444444445
Precision,0.3333333333333333,1.0,1.0,0.0,0.8333333333333334
Recall,1.0,0.8,1.0,0.0,0.8
