,NEUTRAL,POSITIVE,NEGATIVE,OTHER,All Classes
Accuracy,-,-,-,-,0.9
F1 Score,0.0,0.9090909090909091,1.0,1.0,0.8545454545454545
Precision,0.0,0.8333333333333334,1.0,1.0,0.8166666666666668
Recall,0.0,1.0,1.0,1.0,0.9
