,NEUTRAL,POSITIVE,NEGATIVE,OTHER,All Classes
Accuracy,-,-,-,-,0.8
F1 Score,0.0,0.9090909090909091,0.8571428571428571,0.0,0.7116883116883116
Precision,0.0,0.8333333333333334,0.75,0.0,0.6416666666666667
Recall,0.0,1.0,1.0,0.0,0.8
